experiment,vix_floor,vix_ceiling,base_stop,hv_scale,mc_p5_dd,hedged_sharpe,annual_return_pct,passes_30pct
EXP-400,12.0,35.0,1.5,0.1,-7.22,3.247,22.5,True
EXP-400,12.0,35.0,1.5,0.15,-7.22,3.247,22.5,True
EXP-400,12.0,35.0,1.5,0.25,-7.22,3.247,22.5,True
EXP-400,12.0,35.0,2.0,0.1,-7.22,3.247,22.5,True
EXP-400,12.0,35.0,2.0,0.15,-7.22,3.247,22.5,True
EXP-400,12.0,35.0,2.0,0.25,-7.22,3.247,22.5,True
EXP-400,12.0,35.0,2.5,0.1,-7.22,3.247,22.5,True
EXP-400,12.0,35.0,2.5,0.15,-7.22,3.247,22.5,True
EXP-400,12.0,35.0,2.5,0.25,-7.22,3.247,22.5,True
EXP-400,12.0,35.0,3.0,0.1,-7.22,3.247,22.5,True
EXP-400,12.0,35.0,3.0,0.15,-7.22,3.247,22.5,True
EXP-400,12.0,35.0,3.0,0.25,-7.22,3.247,22.5,True
EXP-400,12.0,35.0,3.5,0.1,-7.22,3.247,22.5,True
EXP-400,12.0,35.0,3.5,0.15,-7.22,3.247,22.5,True
EXP-400,12.0,35.0,3.5,0.25,-7.22,3.247,22.5,True
EXP-400,12.0,35.0,1.5,0.05,-7.23,3.247,22.51,True
EXP-400,12.0,35.0,2.0,0.05,-7.23,3.247,22.51,True
EXP-400,12.0,35.0,2.5,0.05,-7.23,3.247,22.51,True
EXP-400,12.0,35.0,3.0,0.05,-7.23,3.247,22.51,True
EXP-400,12.0,35.0,3.5,0.05,-7.23,3.247,22.51,True
EXP-400,14.0,35.0,1.5,0.1,-8.72,3.211,25.78,True
EXP-400,14.0,35.0,1.5,0.15,-8.72,3.211,25.78,True
EXP-400,14.0,35.0,1.5,0.25,-8.72,3.211,25.78,True
EXP-400,14.0,35.0,2.0,0.1,-8.72,3.211,25.78,True
EXP-400,14.0,35.0,2.0,0.15,-8.72,3.211,25.78,True
EXP-400,14.0,35.0,2.0,0.25,-8.72,3.211,25.78,True
EXP-400,14.0,35.0,2.5,0.1,-8.72,3.211,25.78,True
EXP-400,14.0,35.0,2.5,0.15,-8.72,3.211,25.78,True
EXP-400,14.0,35.0,2.5,0.25,-8.72,3.211,25.78,True
EXP-400,14.0,35.0,3.0,0.1,-8.72,3.211,25.78,True
EXP-400,14.0,35.0,3.0,0.15,-8.72,3.211,25.78,True
EXP-400,14.0,35.0,3.0,0.25,-8.72,3.211,25.78,True
EXP-400,14.0,35.0,3.5,0.1,-8.72,3.211,25.78,True
EXP-400,14.0,35.0,3.5,0.15,-8.72,3.211,25.78,True
EXP-400,14.0,35.0,3.5,0.25,-8.72,3.211,25.78,True
EXP-400,14.0,35.0,1.5,0.05,-8.73,3.213,25.81,True
EXP-400,14.0,35.0,2.0,0.05,-8.73,3.213,25.81,True
EXP-400,14.0,35.0,2.5,0.05,-8.73,3.213,25.81,True
EXP-400,14.0,35.0,3.0,0.05,-8.73,3.213,25.81,True
EXP-400,14.0,35.0,3.5,0.05,-8.73,3.213,25.81,True
EXP-400,12.0,38.0,1.5,0.05,-8.98,3.126,23.22,True
EXP-400,12.0,38.0,2.0,0.05,-8.98,3.126,23.22,True
EXP-400,12.0,38.0,2.5,0.05,-8.98,3.126,23.22,True
EXP-400,12.0,38.0,3.0,0.05,-8.98,3.126,23.22,True
EXP-400,12.0,38.0,3.5,0.05,-8.98,3.126,23.22,True
EXP-400,12.0,38.0,1.5,0.1,-9.01,3.101,23.18,True
EXP-400,12.0,38.0,1.5,0.15,-9.01,3.101,23.18,True
EXP-400,12.0,38.0,1.5,0.25,-9.01,3.101,23.18,True
EXP-400,12.0,38.0,2.0,0.1,-9.01,3.101,23.18,True
EXP-400,12.0,38.0,2.0,0.15,-9.01,3.101,23.18,True
EXP-400,12.0,38.0,2.0,0.25,-9.01,3.101,23.18,True
EXP-400,12.0,38.0,2.5,0.1,-9.01,3.101,23.18,True
EXP-400,12.0,38.0,2.5,0.15,-9.01,3.101,23.18,True
EXP-400,12.0,38.0,2.5,0.25,-9.01,3.101,23.18,True
EXP-400,12.0,38.0,3.0,0.1,-9.01,3.101,23.18,True
EXP-400,12.0,38.0,3.0,0.15,-9.01,3.101,23.18,True
EXP-400,12.0,38.0,3.0,0.25,-9.01,3.101,23.18,True
EXP-400,12.0,38.0,3.5,0.1,-9.01,3.101,23.18,True
EXP-400,12.0,38.0,3.5,0.15,-9.01,3.101,23.18,True
EXP-400,12.0,38.0,3.5,0.25,-9.01,3.101,23.18,True
EXP-400,16.0,35.0,1.5,0.05,-10.37,3.169,29.17,True
EXP-400,16.0,35.0,1.5,0.1,-10.37,3.165,29.11,True
EXP-400,16.0,35.0,1.5,0.15,-10.37,3.165,29.11,True
EXP-400,16.0,35.0,1.5,0.25,-10.37,3.165,29.11,True
EXP-400,16.0,35.0,2.0,0.05,-10.37,3.169,29.17,True
EXP-400,16.0,35.0,2.0,0.1,-10.37,3.165,29.11,True
EXP-400,16.0,35.0,2.0,0.15,-10.37,3.165,29.11,True
EXP-400,16.0,35.0,2.0,0.25,-10.37,3.165,29.11,True
EXP-400,16.0,35.0,2.5,0.05,-10.37,3.169,29.17,True
EXP-400,16.0,35.0,2.5,0.1,-10.37,3.165,29.11,True
EXP-400,16.0,35.0,2.5,0.15,-10.37,3.165,29.11,True
EXP-400,16.0,35.0,2.5,0.25,-10.37,3.165,29.11,True
EXP-400,16.0,35.0,3.0,0.05,-10.37,3.169,29.17,True
EXP-400,16.0,35.0,3.0,0.1,-10.37,3.165,29.11,True
EXP-400,16.0,35.0,3.0,0.15,-10.37,3.165,29.11,True
EXP-400,16.0,35.0,3.0,0.25,-10.37,3.165,29.11,True
EXP-400,16.0,35.0,3.5,0.05,-10.37,3.169,29.17,True
EXP-400,16.0,35.0,3.5,0.1,-10.37,3.165,29.11,True
EXP-400,16.0,35.0,3.5,0.15,-10.37,3.165,29.11,True
EXP-400,16.0,35.0,3.5,0.25,-10.37,3.165,29.11,True
EXP-400,14.0,38.0,1.5,0.05,-10.46,3.091,26.33,True
EXP-400,14.0,38.0,2.0,0.05,-10.46,3.091,26.33,True
EXP-400,14.0,38.0,2.5,0.05,-10.46,3.091,26.33,True
EXP-400,14.0,38.0,3.0,0.05,-10.46,3.091,26.33,True
EXP-400,14.0,38.0,3.5,0.05,-10.46,3.091,26.33,True
EXP-400,14.0,38.0,1.5,0.1,-10.5,3.075,26.21,True
EXP-400,14.0,38.0,1.5,0.15,-10.5,3.075,26.21,True
EXP-400,14.0,38.0,1.5,0.25,-10.5,3.075,26.21,True
EXP-400,14.0,38.0,2.0,0.1,-10.5,3.075,26.21,True
EXP-400,14.0,38.0,2.0,0.15,-10.5,3.075,26.21,True
EXP-400,14.0,38.0,2.0,0.25,-10.5,3.075,26.21,True
EXP-400,14.0,38.0,2.5,0.1,-10.5,3.075,26.21,True
EXP-400,14.0,38.0,2.5,0.15,-10.5,3.075,26.21,True
EXP-400,14.0,38.0,2.5,0.25,-10.5,3.075,26.21,True
EXP-400,14.0,38.0,3.0,0.1,-10.5,3.075,26.21,True
EXP-400,14.0,38.0,3.0,0.15,-10.5,3.075,26.21,True
EXP-400,14.0,38.0,3.0,0.25,-10.5,3.075,26.21,True
EXP-400,14.0,38.0,3.5,0.1,-10.5,3.075,26.21,True
EXP-400,14.0,38.0,3.5,0.15,-10.5,3.075,26.21,True
EXP-400,14.0,38.0,3.5,0.25,-10.5,3.075,26.21,True
EXP-400,12.0,42.0,1.5,0.05,-11.16,2.973,24.11,True
EXP-400,12.0,42.0,2.0,0.05,-11.16,2.973,24.11,True
EXP-400,12.0,42.0,2.5,0.05,-11.16,2.973,24.11,True
EXP-400,12.0,42.0,3.0,0.05,-11.16,2.973,24.11,True
EXP-400,12.0,42.0,3.5,0.05,-11.16,2.973,24.11,True
EXP-400,12.0,42.0,1.5,0.1,-11.32,2.95,23.96,True
EXP-400,12.0,42.0,2.0,0.1,-11.32,2.95,23.96,True
EXP-400,12.0,42.0,2.5,0.1,-11.32,2.95,23.96,True
EXP-400,12.0,42.0,3.0,0.1,-11.32,2.95,23.96,True
EXP-400,12.0,42.0,3.5,0.1,-11.32,2.95,23.96,True
EXP-400,12.0,42.0,1.5,0.15,-11.42,2.93,23.86,True
EXP-400,12.0,42.0,1.5,0.25,-11.42,2.931,23.86,True
EXP-400,12.0,42.0,2.0,0.15,-11.42,2.93,23.86,True
EXP-400,12.0,42.0,2.0,0.25,-11.42,2.931,23.86,True
EXP-400,12.0,42.0,2.5,0.15,-11.42,2.93,23.86,True
EXP-400,12.0,42.0,2.5,0.25,-11.42,2.931,23.86,True
EXP-400,12.0,42.0,3.0,0.15,-11.42,2.93,23.86,True
EXP-400,12.0,42.0,3.0,0.25,-11.42,2.931,23.86,True
EXP-400,12.0,42.0,3.5,0.15,-11.42,2.93,23.86,True
EXP-400,12.0,42.0,3.5,0.25,-11.42,2.931,23.86,True
EXP-400,18.0,35.0,1.5,0.05,-12.12,3.088,31.09,True
EXP-400,18.0,35.0,1.5,0.1,-12.12,3.079,31.02,True
EXP-400,18.0,35.0,1.5,0.15,-12.12,3.079,31.02,True
EXP-400,18.0,35.0,1.5,0.25,-12.12,3.079,31.02,True
EXP-400,18.0,35.0,2.0,0.05,-12.12,3.088,31.09,True
EXP-400,18.0,35.0,2.0,0.1,-12.12,3.079,31.02,True
EXP-400,18.0,35.0,2.0,0.15,-12.12,3.079,31.02,True
EXP-400,18.0,35.0,2.0,0.25,-12.12,3.079,31.02,True
EXP-400,18.0,35.0,2.5,0.05,-12.12,3.088,31.09,True
EXP-400,18.0,35.0,2.5,0.1,-12.12,3.079,31.02,True
EXP-400,18.0,35.0,2.5,0.15,-12.12,3.079,31.02,True
EXP-400,18.0,35.0,2.5,0.25,-12.12,3.079,31.02,True
EXP-400,18.0,35.0,3.0,0.05,-12.12,3.088,31.09,True
EXP-400,18.0,35.0,3.0,0.1,-12.12,3.079,31.02,True
EXP-400,18.0,35.0,3.0,0.15,-12.12,3.079,31.02,True
EXP-400,18.0,35.0,3.0,0.25,-12.12,3.079,31.02,True
EXP-400,18.0,35.0,3.5,0.05,-12.12,3.088,31.09,True
EXP-400,18.0,35.0,3.5,0.1,-12.12,3.079,31.02,True
EXP-400,18.0,35.0,3.5,0.15,-12.12,3.079,31.02,True
EXP-400,18.0,35.0,3.5,0.25,-12.12,3.079,31.02,True
EXP-400,16.0,38.0,1.5,0.05,-12.23,3.043,29.24,True
EXP-400,16.0,38.0,2.0,0.05,-12.23,3.043,29.24,True
EXP-400,16.0,38.0,2.5,0.05,-12.23,3.043,29.24,True
EXP-400,16.0,38.0,3.0,0.05,-12.23,3.043,29.24,True
EXP-400,16.0,38.0,3.5,0.05,-12.23,3.043,29.24,True
EXP-400,16.0,38.0,1.5,0.1,-12.29,3.027,29.12,True
EXP-400,16.0,38.0,1.5,0.15,-12.29,3.027,29.12,True
EXP-400,16.0,38.0,1.5,0.25,-12.29,3.027,29.12,True
EXP-400,16.0,38.0,2.0,0.1,-12.29,3.027,29.12,True
EXP-400,16.0,38.0,2.0,0.15,-12.29,3.027,29.12,True
EXP-400,16.0,38.0,2.0,0.25,-12.29,3.027,29.12,True
EXP-400,16.0,38.0,2.5,0.1,-12.29,3.027,29.12,True
EXP-400,16.0,38.0,2.5,0.15,-12.29,3.027,29.12,True
EXP-400,16.0,38.0,2.5,0.25,-12.29,3.027,29.12,True
EXP-400,16.0,38.0,3.0,0.1,-12.29,3.027,29.12,True
EXP-400,16.0,38.0,3.0,0.15,-12.29,3.027,29.12,True
EXP-400,16.0,38.0,3.0,0.25,-12.29,3.027,29.12,True
EXP-400,16.0,38.0,3.5,0.1,-12.29,3.027,29.12,True
EXP-400,16.0,38.0,3.5,0.15,-12.29,3.027,29.12,True
EXP-400,16.0,38.0,3.5,0.25,-12.29,3.027,29.12,True
EXP-400,14.0,42.0,1.5,0.1,-12.58,2.931,26.61,True
EXP-400,14.0,42.0,2.0,0.1,-12.58,2.931,26.61,True
EXP-400,14.0,42.0,2.5,0.1,-12.58,2.931,26.61,True
EXP-400,14.0,42.0,3.0,0.1,-12.58,2.931,26.61,True
EXP-400,14.0,42.0,3.5,0.1,-12.58,2.931,26.61,True
EXP-400,14.0,42.0,1.5,0.05,-12.6,2.944,26.74,True
EXP-400,14.0,42.0,2.0,0.05,-12.6,2.944,26.74,True
EXP-400,14.0,42.0,2.5,0.05,-12.6,2.944,26.74,True
EXP-400,14.0,42.0,3.0,0.05,-12.6,2.944,26.74,True
EXP-400,14.0,42.0,3.5,0.05,-12.6,2.944,26.74,True
EXP-400,14.0,42.0,1.5,0.15,-12.86,2.91,26.47,True
EXP-400,14.0,42.0,1.5,0.25,-12.86,2.889,26.36,True
EXP-400,14.0,42.0,2.0,0.15,-12.86,2.91,26.47,True
EXP-400,14.0,42.0,2.0,0.25,-12.86,2.889,26.36,True
EXP-400,14.0,42.0,2.5,0.15,-12.86,2.91,26.47,True
EXP-400,14.0,42.0,2.5,0.25,-12.86,2.889,26.36,True
EXP-400,14.0,42.0,3.0,0.15,-12.86,2.91,26.47,True
EXP-400,14.0,42.0,3.0,0.25,-12.86,2.889,26.36,True
EXP-400,14.0,42.0,3.5,0.15,-12.86,2.91,26.47,True
EXP-400,14.0,42.0,3.5,0.25,-12.86,2.889,26.36,True
EXP-400,12.0,46.0,1.5,0.05,-13.2,2.847,24.72,True
EXP-400,12.0,46.0,2.0,0.05,-13.2,2.847,24.72,True
EXP-400,12.0,46.0,2.5,0.05,-13.2,2.847,24.72,True
EXP-400,12.0,46.0,3.0,0.05,-13.2,2.847,24.72,True
EXP-400,12.0,46.0,3.5,0.05,-13.2,2.847,24.72,True
EXP-400,12.0,46.0,1.5,0.1,-13.26,2.836,24.58,True
EXP-400,12.0,46.0,2.0,0.1,-13.26,2.836,24.58,True
EXP-400,12.0,46.0,2.5,0.1,-13.26,2.836,24.58,True
EXP-400,12.0,46.0,3.0,0.1,-13.26,2.836,24.58,True
EXP-400,12.0,46.0,3.5,0.1,-13.26,2.836,24.58,True
EXP-400,12.0,46.0,1.5,0.15,-13.3,2.801,24.41,True
EXP-400,12.0,46.0,2.0,0.15,-13.3,2.801,24.41,True
EXP-400,12.0,46.0,2.5,0.15,-13.3,2.801,24.41,True
EXP-400,12.0,46.0,3.0,0.15,-13.3,2.801,24.41,True
EXP-400,12.0,46.0,3.5,0.15,-13.3,2.801,24.41,True
EXP-400,12.0,46.0,1.5,0.25,-13.32,2.746,24.15,True
EXP-400,12.0,46.0,2.0,0.25,-13.32,2.746,24.15,True
EXP-400,12.0,46.0,2.5,0.25,-13.32,2.746,24.15,True
EXP-400,12.0,46.0,3.0,0.25,-13.32,2.746,24.15,True
EXP-400,12.0,46.0,3.5,0.25,-13.32,2.746,24.15,True
EXP-400,18.0,38.0,1.5,0.05,-14.05,2.963,30.79,True
EXP-400,18.0,38.0,2.0,0.05,-14.05,2.963,30.79,True
EXP-400,18.0,38.0,2.5,0.05,-14.05,2.963,30.79,True
EXP-400,18.0,38.0,3.0,0.05,-14.05,2.963,30.79,True
EXP-400,18.0,38.0,3.5,0.05,-14.05,2.963,30.79,True
EXP-400,18.0,38.0,1.5,0.1,-14.18,2.948,30.69,True
EXP-400,18.0,38.0,1.5,0.15,-14.18,2.935,30.62,True
EXP-400,18.0,38.0,1.5,0.25,-14.18,2.935,30.62,True
EXP-400,18.0,38.0,2.0,0.1,-14.18,2.948,30.69,True
EXP-400,18.0,38.0,2.0,0.15,-14.18,2.935,30.62,True
EXP-400,18.0,38.0,2.0,0.25,-14.18,2.935,30.62,True
EXP-400,18.0,38.0,2.5,0.1,-14.18,2.948,30.69,True
EXP-400,18.0,38.0,2.5,0.15,-14.18,2.935,30.62,True
EXP-400,18.0,38.0,2.5,0.25,-14.18,2.935,30.62,True
EXP-400,18.0,38.0,3.0,0.1,-14.18,2.948,30.69,True
EXP-400,18.0,38.0,3.0,0.15,-14.18,2.935,30.62,True
EXP-400,18.0,38.0,3.0,0.25,-14.18,2.935,30.62,True
EXP-400,18.0,38.0,3.5,0.1,-14.18,2.948,30.69,True
EXP-400,18.0,38.0,3.5,0.15,-14.18,2.935,30.62,True
EXP-400,18.0,38.0,3.5,0.25,-14.18,2.935,30.62,True
EXP-400,20.0,35.0,1.5,0.05,-14.19,2.948,31.47,True
EXP-400,20.0,35.0,2.0,0.05,-14.19,2.948,31.47,True
EXP-400,20.0,35.0,2.5,0.05,-14.19,2.948,31.47,True
EXP-400,20.0,35.0,3.0,0.05,-14.19,2.948,31.47,True
EXP-400,20.0,35.0,3.5,0.05,-14.19,2.948,31.47,True
EXP-400,20.0,35.0,1.5,0.1,-14.25,2.937,31.4,True
EXP-400,20.0,35.0,1.5,0.15,-14.25,2.937,31.4,True
EXP-400,20.0,35.0,1.5,0.25,-14.25,2.937,31.4,True
EXP-400,20.0,35.0,2.0,0.1,-14.25,2.937,31.4,True
EXP-400,20.0,35.0,2.0,0.15,-14.25,2.937,31.4,True
EXP-400,20.0,35.0,2.0,0.25,-14.25,2.937,31.4,True
EXP-400,20.0,35.0,2.5,0.1,-14.25,2.937,31.4,True
EXP-400,20.0,35.0,2.5,0.15,-14.25,2.937,31.4,True
EXP-400,20.0,35.0,2.5,0.25,-14.25,2.937,31.4,True
EXP-400,20.0,35.0,3.0,0.1,-14.25,2.937,31.4,True
EXP-400,20.0,35.0,3.0,0.15,-14.25,2.937,31.4,True
EXP-400,20.0,35.0,3.0,0.25,-14.25,2.937,31.4,True
EXP-400,20.0,35.0,3.5,0.1,-14.25,2.937,31.4,True
EXP-400,20.0,35.0,3.5,0.15,-14.25,2.937,31.4,True
EXP-400,20.0,35.0,3.5,0.25,-14.25,2.937,31.4,True
EXP-400,16.0,42.0,1.5,0.05,-14.28,2.903,29.27,True
EXP-400,16.0,42.0,1.5,0.1,-14.28,2.888,29.14,True
EXP-400,16.0,42.0,2.0,0.05,-14.28,2.903,29.27,True
EXP-400,16.0,42.0,2.0,0.1,-14.28,2.888,29.14,True
EXP-400,16.0,42.0,2.5,0.05,-14.28,2.903,29.27,True
EXP-400,16.0,42.0,2.5,0.1,-14.28,2.888,29.14,True
EXP-400,16.0,42.0,3.0,0.05,-14.28,2.903,29.27,True
EXP-400,16.0,42.0,3.0,0.1,-14.28,2.888,29.14,True
EXP-400,16.0,42.0,3.5,0.05,-14.28,2.903,29.27,True
EXP-400,16.0,42.0,3.5,0.1,-14.28,2.888,29.14,True
EXP-400,12.0,50.0,1.5,0.05,-14.4,2.751,25.24,True
EXP-400,12.0,50.0,2.0,0.05,-14.4,2.751,25.24,True
EXP-400,12.0,50.0,2.5,0.05,-14.4,2.751,25.24,True
EXP-400,12.0,50.0,3.0,0.05,-14.4,2.751,25.24,True
EXP-400,12.0,50.0,3.5,0.05,-14.4,2.751,25.24,True
EXP-400,16.0,42.0,1.5,0.15,-14.47,2.866,28.96,True
EXP-400,16.0,42.0,2.0,0.15,-14.47,2.866,28.96,True
EXP-400,16.0,42.0,2.5,0.15,-14.47,2.866,28.96,True
EXP-400,16.0,42.0,3.0,0.15,-14.47,2.866,28.96,True
EXP-400,16.0,42.0,3.5,0.15,-14.47,2.866,28.96,True
EXP-400,12.0,50.0,1.5,0.1,-14.53,2.732,25.1,True
EXP-400,12.0,50.0,2.0,0.1,-14.53,2.732,25.1,True
EXP-400,12.0,50.0,2.5,0.1,-14.53,2.732,25.1,True
EXP-400,12.0,50.0,3.0,0.1,-14.53,2.732,25.1,True
EXP-400,12.0,50.0,3.5,0.1,-14.53,2.732,25.1,True
EXP-400,12.0,50.0,1.5,0.15,-14.55,2.699,24.92,True
EXP-400,12.0,50.0,2.0,0.15,-14.55,2.699,24.92,True
EXP-400,12.0,50.0,2.5,0.15,-14.55,2.699,24.92,True
EXP-400,12.0,50.0,3.0,0.15,-14.55,2.699,24.92,True
EXP-400,12.0,50.0,3.5,0.15,-14.55,2.699,24.92,True
EXP-400,14.0,46.0,1.5,0.05,-14.57,2.825,27.12,True
EXP-400,14.0,46.0,2.0,0.05,-14.57,2.825,27.12,True
EXP-400,14.0,46.0,2.5,0.05,-14.57,2.825,27.12,True
EXP-400,14.0,46.0,3.0,0.05,-14.57,2.825,27.12,True
EXP-400,14.0,46.0,3.5,0.05,-14.57,2.825,27.12,True
EXP-400,16.0,42.0,1.5,0.25,-14.57,2.826,28.74,True
EXP-400,16.0,42.0,2.0,0.25,-14.57,2.826,28.74,True
EXP-400,16.0,42.0,2.5,0.25,-14.57,2.826,28.74,True
EXP-400,16.0,42.0,3.0,0.25,-14.57,2.826,28.74,True
EXP-400,16.0,42.0,3.5,0.25,-14.57,2.826,28.74,True
EXP-400,14.0,46.0,1.5,0.1,-14.59,2.813,26.98,True
EXP-400,14.0,46.0,2.0,0.1,-14.59,2.813,26.98,True
EXP-400,14.0,46.0,2.5,0.1,-14.59,2.813,26.98,True
EXP-400,14.0,46.0,3.0,0.1,-14.59,2.813,26.98,True
EXP-400,14.0,46.0,3.5,0.1,-14.59,2.813,26.98,True
EXP-400,14.0,46.0,1.5,0.15,-14.66,2.784,26.77,True
EXP-400,14.0,46.0,2.0,0.15,-14.66,2.784,26.77,True
EXP-400,14.0,46.0,2.5,0.15,-14.66,2.784,26.77,True
EXP-400,14.0,46.0,3.0,0.15,-14.66,2.784,26.77,True
EXP-400,14.0,46.0,3.5,0.15,-14.66,2.784,26.77,True
EXP-400,14.0,46.0,1.5,0.25,-14.71,2.725,26.5,True
EXP-400,14.0,46.0,2.0,0.25,-14.71,2.725,26.5,True
EXP-400,14.0,46.0,2.5,0.25,-14.71,2.725,26.5,True
EXP-400,14.0,46.0,3.0,0.25,-14.71,2.725,26.5,True
EXP-400,14.0,46.0,3.5,0.25,-14.71,2.725,26.5,True
EXP-400,12.0,50.0,1.5,0.25,-14.74,2.646,24.7,True
EXP-400,12.0,50.0,2.0,0.25,-14.74,2.646,24.7,True
EXP-400,12.0,50.0,2.5,0.25,-14.74,2.646,24.7,True
EXP-400,12.0,50.0,3.0,0.25,-14.74,2.646,24.7,True
EXP-400,12.0,50.0,3.5,0.25,-14.74,2.646,24.7,True
EXP-400,14.0,50.0,1.5,0.05,-15.72,2.729,27.32,True
EXP-400,14.0,50.0,2.0,0.05,-15.72,2.729,27.32,True
EXP-400,14.0,50.0,2.5,0.05,-15.72,2.729,27.32,True
EXP-400,14.0,50.0,3.0,0.05,-15.72,2.729,27.32,True
EXP-400,14.0,50.0,3.5,0.05,-15.72,2.729,27.32,True
EXP-400,14.0,50.0,1.5,0.1,-15.89,2.709,27.16,True
EXP-400,14.0,50.0,2.0,0.1,-15.89,2.709,27.16,True
EXP-400,14.0,50.0,2.5,0.1,-15.89,2.709,27.16,True
EXP-400,14.0,50.0,3.0,0.1,-15.89,2.709,27.16,True
EXP-400,14.0,50.0,3.5,0.1,-15.89,2.709,27.16,True
EXP-400,14.0,50.0,1.5,0.15,-15.94,2.679,27.0,True
EXP-400,14.0,50.0,2.0,0.15,-15.94,2.679,27.0,True
EXP-400,14.0,50.0,2.5,0.15,-15.94,2.679,27.0,True
EXP-400,14.0,50.0,3.0,0.15,-15.94,2.679,27.0,True
EXP-400,14.0,50.0,3.5,0.15,-15.94,2.679,27.0,True
EXP-400,14.0,50.0,1.5,0.25,-16.04,2.642,26.76,True
EXP-400,14.0,50.0,2.0,0.25,-16.04,2.642,26.76,True
EXP-400,14.0,50.0,2.5,0.25,-16.04,2.642,26.76,True
EXP-400,14.0,50.0,3.0,0.25,-16.04,2.642,26.76,True
EXP-400,14.0,50.0,3.5,0.25,-16.04,2.642,26.76,True
EXP-400,16.0,46.0,1.5,0.05,-16.12,2.782,29.3,True
EXP-400,16.0,46.0,2.0,0.05,-16.12,2.782,29.3,True
EXP-400,16.0,46.0,2.5,0.05,-16.12,2.782,29.3,True
EXP-400,16.0,46.0,3.0,0.05,-16.12,2.782,29.3,True
EXP-400,16.0,46.0,3.5,0.05,-16.12,2.782,29.3,True
EXP-400,16.0,46.0,1.5,0.15,-16.25,2.744,29.0,True
EXP-400,16.0,46.0,2.0,0.15,-16.25,2.744,29.0,True
EXP-400,16.0,46.0,2.5,0.15,-16.25,2.744,29.0,True
EXP-400,16.0,46.0,3.0,0.15,-16.25,2.744,29.0,True
EXP-400,16.0,46.0,3.5,0.15,-16.25,2.744,29.0,True
EXP-400,16.0,46.0,1.5,0.1,-16.27,2.758,29.18,True
EXP-400,16.0,46.0,2.0,0.1,-16.27,2.758,29.18,True
EXP-400,16.0,46.0,2.5,0.1,-16.27,2.758,29.18,True
EXP-400,16.0,46.0,3.0,0.1,-16.27,2.758,29.18,True
EXP-400,16.0,46.0,3.5,0.1,-16.27,2.758,29.18,True
EXP-400,16.0,46.0,1.5,0.25,-16.3,2.688,28.6,True
EXP-400,16.0,46.0,2.0,0.25,-16.3,2.688,28.6,True
EXP-400,16.0,46.0,2.5,0.25,-16.3,2.688,28.6,True
EXP-400,16.0,46.0,3.0,0.25,-16.3,2.688,28.6,True
EXP-400,16.0,46.0,3.5,0.25,-16.3,2.688,28.6,True
EXP-400,20.0,38.0,1.5,0.05,-16.31,2.805,31.04,True
EXP-400,20.0,38.0,1.5,0.1,-16.31,2.788,30.91,True
EXP-400,20.0,38.0,2.0,0.05,-16.31,2.805,31.04,True
EXP-400,20.0,38.0,2.0,0.1,-16.31,2.788,30.91,True
EXP-400,20.0,38.0,2.5,0.05,-16.31,2.805,31.04,True
EXP-400,20.0,38.0,2.5,0.1,-16.31,2.788,30.91,True
EXP-400,20.0,38.0,3.0,0.05,-16.31,2.805,31.04,True
EXP-400,20.0,38.0,3.0,0.1,-16.31,2.788,30.91,True
EXP-400,20.0,38.0,3.5,0.05,-16.31,2.805,31.04,True
EXP-400,20.0,38.0,3.5,0.1,-16.31,2.788,30.91,True
EXP-400,18.0,42.0,1.5,0.1,-16.35,2.795,30.38,True
EXP-400,18.0,42.0,2.0,0.1,-16.35,2.795,30.38,True
EXP-400,18.0,42.0,2.5,0.1,-16.35,2.795,30.38,True
EXP-400,18.0,42.0,3.0,0.1,-16.35,2.795,30.38,True
EXP-400,18.0,42.0,3.5,0.1,-16.35,2.795,30.38,True
EXP-400,18.0,42.0,1.5,0.05,-16.37,2.808,30.5,True
EXP-400,18.0,42.0,2.0,0.05,-16.37,2.808,30.5,True
EXP-400,18.0,42.0,2.5,0.05,-16.37,2.808,30.5,True
EXP-400,18.0,42.0,3.0,0.05,-16.37,2.808,30.5,True
EXP-400,18.0,42.0,3.5,0.05,-16.37,2.808,30.5,True
EXP-400,18.0,42.0,1.5,0.15,-16.43,2.776,30.22,True
EXP-400,18.0,42.0,2.0,0.15,-16.43,2.776,30.22,True
EXP-400,18.0,42.0,2.5,0.15,-16.43,2.776,30.22,True
EXP-400,18.0,42.0,3.0,0.15,-16.43,2.776,30.22,True
EXP-400,18.0,42.0,3.5,0.15,-16.43,2.776,30.22,True
EXP-400,20.0,38.0,1.5,0.15,-16.43,2.773,30.75,True
EXP-400,20.0,38.0,2.0,0.15,-16.43,2.773,30.75,True
EXP-400,20.0,38.0,2.5,0.15,-16.43,2.773,30.75,True
EXP-400,20.0,38.0,3.0,0.15,-16.43,2.773,30.75,True
EXP-400,20.0,38.0,3.5,0.15,-16.43,2.773,30.75,True
EXP-400,18.0,42.0,1.5,0.25,-16.44,2.715,29.83,True
EXP-400,18.0,42.0,2.0,0.25,-16.44,2.715,29.83,True
EXP-400,18.0,42.0,2.5,0.25,-16.44,2.715,29.83,True
EXP-400,18.0,42.0,3.0,0.25,-16.44,2.715,29.83,True
EXP-400,18.0,42.0,3.5,0.25,-16.44,2.715,29.83,True
EXP-400,20.0,38.0,1.5,0.25,-16.44,2.767,30.74,True
EXP-400,20.0,38.0,2.0,0.25,-16.44,2.767,30.74,True
EXP-400,20.0,38.0,2.5,0.25,-16.44,2.767,30.74,True
EXP-400,20.0,38.0,3.0,0.25,-16.44,2.767,30.74,True
EXP-400,20.0,38.0,3.5,0.25,-16.44,2.767,30.74,True
EXP-400,16.0,50.0,1.5,0.05,-17.43,2.674,29.11,True
EXP-400,16.0,50.0,2.0,0.05,-17.43,2.674,29.11,True
EXP-400,16.0,50.0,2.5,0.05,-17.43,2.674,29.11,True
EXP-400,16.0,50.0,3.0,0.05,-17.43,2.674,29.11,True
EXP-400,16.0,50.0,3.5,0.05,-17.43,2.674,29.11,True
EXP-400,16.0,50.0,1.5,0.15,-17.53,2.637,28.8,True
EXP-400,16.0,50.0,2.0,0.15,-17.53,2.637,28.8,True
EXP-400,16.0,50.0,2.5,0.15,-17.53,2.637,28.8,True
EXP-400,16.0,50.0,3.0,0.15,-17.53,2.637,28.8,True
EXP-400,16.0,50.0,3.5,0.15,-17.53,2.637,28.8,True
EXP-400,16.0,50.0,1.5,0.1,-17.55,2.661,28.99,True
EXP-400,16.0,50.0,2.0,0.1,-17.55,2.661,28.99,True
EXP-400,16.0,50.0,2.5,0.1,-17.55,2.661,28.99,True
EXP-400,16.0,50.0,3.0,0.1,-17.55,2.661,28.99,True
EXP-400,16.0,50.0,3.5,0.1,-17.55,2.661,28.99,True
EXP-400,16.0,50.0,1.5,0.25,-17.69,2.594,28.55,True
EXP-400,16.0,50.0,2.0,0.25,-17.69,2.594,28.55,True
EXP-400,16.0,50.0,2.5,0.25,-17.69,2.594,28.55,True
EXP-400,16.0,50.0,3.0,0.25,-17.69,2.594,28.55,True
EXP-400,16.0,50.0,3.5,0.25,-17.69,2.594,28.55,True
EXP-400,18.0,46.0,1.5,0.05,-17.97,2.682,30.11,True
EXP-400,18.0,46.0,2.0,0.05,-17.97,2.682,30.11,True
EXP-400,18.0,46.0,2.5,0.05,-17.97,2.682,30.11,True
EXP-400,18.0,46.0,3.0,0.05,-17.97,2.682,30.11,True
EXP-400,18.0,46.0,3.5,0.05,-17.97,2.682,30.11,True
EXP-400,18.0,46.0,1.5,0.1,-18.05,2.668,30.02,True
EXP-400,18.0,46.0,1.5,0.15,-18.05,2.648,29.92,True
EXP-400,18.0,46.0,2.0,0.1,-18.05,2.668,30.02,True
EXP-400,18.0,46.0,2.0,0.15,-18.05,2.648,29.92,True
EXP-400,18.0,46.0,2.5,0.1,-18.05,2.668,30.02,True
EXP-400,18.0,46.0,2.5,0.15,-18.05,2.648,29.92,True
EXP-400,18.0,46.0,3.0,0.1,-18.05,2.668,30.02,True
EXP-400,18.0,46.0,3.0,0.15,-18.05,2.648,29.92,True
EXP-400,18.0,46.0,3.5,0.1,-18.05,2.668,30.02,True
EXP-400,18.0,46.0,3.5,0.15,-18.05,2.648,29.92,True
EXP-400,18.0,46.0,1.5,0.25,-18.32,2.598,29.63,True
EXP-400,18.0,46.0,2.0,0.25,-18.32,2.598,29.63,True
EXP-400,18.0,46.0,2.5,0.25,-18.32,2.598,29.63,True
EXP-400,18.0,46.0,3.0,0.25,-18.32,2.598,29.63,True
EXP-400,18.0,46.0,3.5,0.25,-18.32,2.598,29.63,True
EXP-400,20.0,42.0,1.5,0.05,-18.42,2.653,30.43,True
EXP-400,20.0,42.0,2.0,0.05,-18.42,2.653,30.43,True
EXP-400,20.0,42.0,2.5,0.05,-18.42,2.653,30.43,True
EXP-400,20.0,42.0,3.0,0.05,-18.42,2.653,30.43,True
EXP-400,20.0,42.0,3.5,0.05,-18.42,2.653,30.43,True
EXP-400,20.0,42.0,1.5,0.1,-18.94,2.638,30.31,True
EXP-400,20.0,42.0,2.0,0.1,-18.94,2.638,30.31,True
EXP-400,20.0,42.0,2.5,0.1,-18.94,2.638,30.31,True
EXP-400,20.0,42.0,3.0,0.1,-18.94,2.638,30.31,True
EXP-400,20.0,42.0,3.5,0.1,-18.94,2.638,30.31,True
EXP-400,20.0,42.0,1.5,0.15,-18.96,2.619,30.25,True
EXP-400,20.0,42.0,2.0,0.15,-18.96,2.619,30.25,True
EXP-400,20.0,42.0,2.5,0.15,-18.96,2.619,30.25,True
EXP-400,20.0,42.0,3.0,0.15,-18.96,2.619,30.25,True
EXP-400,20.0,42.0,3.5,0.15,-18.96,2.619,30.25,True
EXP-400,20.0,42.0,1.5,0.25,-19.03,2.569,30.06,True
EXP-400,20.0,42.0,2.0,0.25,-19.03,2.569,30.06,True
EXP-400,20.0,42.0,2.5,0.25,-19.03,2.569,30.06,True
EXP-400,20.0,42.0,3.0,0.25,-19.03,2.569,30.06,True
EXP-400,20.0,42.0,3.5,0.25,-19.03,2.569,30.06,True
EXP-400,18.0,50.0,1.5,0.05,-19.09,2.586,29.91,True
EXP-400,18.0,50.0,2.0,0.05,-19.09,2.586,29.91,True
EXP-400,18.0,50.0,2.5,0.05,-19.09,2.586,29.91,True
EXP-400,18.0,50.0,3.0,0.05,-19.09,2.586,29.91,True
EXP-400,18.0,50.0,3.5,0.05,-19.09,2.586,29.91,True
EXP-400,18.0,50.0,1.5,0.1,-19.48,2.572,29.8,True
EXP-400,18.0,50.0,2.0,0.1,-19.48,2.572,29.8,True
EXP-400,18.0,50.0,2.5,0.1,-19.48,2.572,29.8,True
EXP-400,18.0,50.0,3.0,0.1,-19.48,2.572,29.8,True
EXP-400,18.0,50.0,3.5,0.1,-19.48,2.572,29.8,True
EXP-400,18.0,50.0,1.5,0.15,-19.77,2.561,29.71,True
EXP-400,18.0,50.0,2.0,0.15,-19.77,2.561,29.71,True
EXP-400,18.0,50.0,2.5,0.15,-19.77,2.561,29.71,True
EXP-400,18.0,50.0,3.0,0.15,-19.77,2.561,29.71,True
EXP-400,18.0,50.0,3.5,0.15,-19.77,2.561,29.71,True
EXP-400,18.0,50.0,1.5,0.25,-19.88,2.515,29.45,True
EXP-400,18.0,50.0,2.0,0.25,-19.88,2.515,29.45,True
EXP-400,18.0,50.0,2.5,0.25,-19.88,2.515,29.45,True
EXP-400,18.0,50.0,3.0,0.25,-19.88,2.515,29.45,True
EXP-400,18.0,50.0,3.5,0.25,-19.88,2.515,29.45,True
EXP-400,20.0,46.0,1.5,0.05,-20.07,2.543,30.07,True
EXP-400,20.0,46.0,2.0,0.05,-20.07,2.543,30.07,True
EXP-400,20.0,46.0,2.5,0.05,-20.07,2.543,30.07,True
EXP-400,20.0,46.0,3.0,0.05,-20.07,2.543,30.07,True
EXP-400,20.0,46.0,3.5,0.05,-20.07,2.543,30.07,True
EXP-400,20.0,46.0,1.5,0.1,-20.23,2.529,30.02,True
EXP-400,20.0,46.0,2.0,0.1,-20.23,2.529,30.02,True
EXP-400,20.0,46.0,2.5,0.1,-20.23,2.529,30.02,True
EXP-400,20.0,46.0,3.0,0.1,-20.23,2.529,30.02,True
EXP-400,20.0,46.0,3.5,0.1,-20.23,2.529,30.02,True
EXP-400,20.0,46.0,1.5,0.15,-20.53,2.519,29.98,True
EXP-400,20.0,46.0,2.0,0.15,-20.53,2.519,29.98,True
EXP-400,20.0,46.0,2.5,0.15,-20.53,2.519,29.98,True
EXP-400,20.0,46.0,3.0,0.15,-20.53,2.519,29.98,True
EXP-400,20.0,46.0,3.5,0.15,-20.53,2.519,29.98,True
EXP-400,20.0,46.0,1.5,0.25,-20.71,2.477,29.74,True
EXP-400,20.0,46.0,2.0,0.25,-20.71,2.477,29.74,True
EXP-400,20.0,46.0,2.5,0.25,-20.71,2.477,29.74,True
EXP-400,20.0,46.0,3.0,0.25,-20.71,2.477,29.74,True
EXP-400,20.0,46.0,3.5,0.25,-20.71,2.477,29.74,True
EXP-400,20.0,50.0,1.5,0.05,-21.44,2.467,29.92,True
EXP-400,20.0,50.0,2.0,0.05,-21.44,2.467,29.92,True
EXP-400,20.0,50.0,2.5,0.05,-21.44,2.467,29.92,True
EXP-400,20.0,50.0,3.0,0.05,-21.44,2.467,29.92,True
EXP-400,20.0,50.0,3.5,0.05,-21.44,2.467,29.92,True
EXP-400,20.0,50.0,1.5,0.1,-21.53,2.45,29.85,True
EXP-400,20.0,50.0,2.0,0.1,-21.53,2.45,29.85,True
EXP-400,20.0,50.0,2.5,0.1,-21.53,2.45,29.85,True
EXP-400,20.0,50.0,3.0,0.1,-21.53,2.45,29.85,True
EXP-400,20.0,50.0,3.5,0.1,-21.53,2.45,29.85,True
EXP-400,20.0,50.0,1.5,0.15,-21.68,2.441,29.77,True
EXP-400,20.0,50.0,2.0,0.15,-21.68,2.441,29.77,True
EXP-400,20.0,50.0,2.5,0.15,-21.68,2.441,29.77,True
EXP-400,20.0,50.0,3.0,0.15,-21.68,2.441,29.77,True
EXP-400,20.0,50.0,3.5,0.15,-21.68,2.441,29.77,True
EXP-400,20.0,50.0,1.5,0.25,-21.95,2.395,29.57,True
EXP-400,20.0,50.0,2.0,0.25,-21.95,2.395,29.57,True
EXP-400,20.0,50.0,2.5,0.25,-21.95,2.395,29.57,True
EXP-400,20.0,50.0,3.0,0.25,-21.95,2.395,29.57,True
EXP-400,20.0,50.0,3.5,0.25,-21.95,2.395,29.57,True
EXP-401,12.0,35.0,1.5,0.05,-24.41,0.911,7.4,True
EXP-401,12.0,35.0,1.5,0.1,-24.41,0.91,7.4,True
EXP-401,12.0,35.0,1.5,0.15,-24.41,0.91,7.4,True
EXP-401,12.0,35.0,1.5,0.25,-24.41,0.91,7.4,True
EXP-401,12.0,35.0,2.0,0.05,-24.41,0.911,7.4,True
EXP-401,12.0,35.0,2.0,0.1,-24.41,0.91,7.4,True
EXP-401,12.0,35.0,2.0,0.15,-24.41,0.91,7.4,True
EXP-401,12.0,35.0,2.0,0.25,-24.41,0.91,7.4,True
EXP-401,12.0,35.0,2.5,0.05,-24.41,0.911,7.4,True
EXP-401,12.0,35.0,2.5,0.1,-24.41,0.91,7.4,True
EXP-401,12.0,35.0,2.5,0.15,-24.41,0.91,7.4,True
EXP-401,12.0,35.0,2.5,0.25,-24.41,0.91,7.4,True
EXP-401,12.0,35.0,3.0,0.05,-24.41,0.911,7.4,True
EXP-401,12.0,35.0,3.0,0.1,-24.41,0.91,7.4,True
EXP-401,12.0,35.0,3.0,0.15,-24.41,0.91,7.4,True
EXP-401,12.0,35.0,3.0,0.25,-24.41,0.91,7.4,True
EXP-401,12.0,35.0,3.5,0.05,-24.41,0.911,7.4,True
EXP-401,12.0,35.0,3.5,0.1,-24.41,0.91,7.4,True
EXP-401,12.0,35.0,3.5,0.15,-24.41,0.91,7.4,True
EXP-401,12.0,35.0,3.5,0.25,-24.41,0.91,7.4,True
EXP-401,12.0,38.0,1.5,0.05,-26.53,0.852,7.36,True
EXP-401,12.0,38.0,2.0,0.05,-26.53,0.852,7.36,True
EXP-401,12.0,38.0,2.5,0.05,-26.53,0.852,7.36,True
EXP-401,12.0,38.0,3.0,0.05,-26.53,0.852,7.36,True
EXP-401,12.0,38.0,3.5,0.05,-26.53,0.852,7.36,True
EXP-401,12.0,38.0,1.5,0.1,-26.63,0.854,7.36,True
EXP-401,12.0,38.0,1.5,0.15,-26.63,0.854,7.36,True
EXP-401,12.0,38.0,1.5,0.25,-26.63,0.854,7.36,True
EXP-401,12.0,38.0,2.0,0.1,-26.63,0.854,7.36,True
EXP-401,12.0,38.0,2.0,0.15,-26.63,0.854,7.36,True
EXP-401,12.0,38.0,2.0,0.25,-26.63,0.854,7.36,True
EXP-401,12.0,38.0,2.5,0.1,-26.63,0.854,7.36,True
EXP-401,12.0,38.0,2.5,0.15,-26.63,0.854,7.36,True
EXP-401,12.0,38.0,2.5,0.25,-26.63,0.854,7.36,True
EXP-401,12.0,38.0,3.0,0.1,-26.63,0.854,7.36,True
EXP-401,12.0,38.0,3.0,0.15,-26.63,0.854,7.36,True
EXP-401,12.0,38.0,3.0,0.25,-26.63,0.854,7.36,True
EXP-401,12.0,38.0,3.5,0.1,-26.63,0.854,7.36,True
EXP-401,12.0,38.0,3.5,0.15,-26.63,0.854,7.36,True
EXP-401,12.0,38.0,3.5,0.25,-26.63,0.854,7.36,True
EXP-401,14.0,35.0,1.5,0.05,-27.96,0.889,8.27,True
EXP-401,14.0,35.0,2.0,0.05,-27.96,0.889,8.27,True
EXP-401,14.0,35.0,2.5,0.05,-27.96,0.889,8.27,True
EXP-401,14.0,35.0,3.0,0.05,-27.96,0.889,8.27,True
EXP-401,14.0,35.0,3.5,0.05,-27.96,0.889,8.27,True
EXP-401,14.0,35.0,1.5,0.1,-27.98,0.888,8.26,True
EXP-401,14.0,35.0,1.5,0.15,-27.98,0.888,8.26,True
EXP-401,14.0,35.0,1.5,0.25,-27.98,0.888,8.26,True
EXP-401,14.0,35.0,2.0,0.1,-27.98,0.888,8.26,True
EXP-401,14.0,35.0,2.0,0.15,-27.98,0.888,8.26,True
EXP-401,14.0,35.0,2.0,0.25,-27.98,0.888,8.26,True
EXP-401,14.0,35.0,2.5,0.1,-27.98,0.888,8.26,True
EXP-401,14.0,35.0,2.5,0.15,-27.98,0.888,8.26,True
EXP-401,14.0,35.0,2.5,0.25,-27.98,0.888,8.26,True
EXP-401,14.0,35.0,3.0,0.1,-27.98,0.888,8.26,True
EXP-401,14.0,35.0,3.0,0.15,-27.98,0.888,8.26,True
EXP-401,14.0,35.0,3.0,0.25,-27.98,0.888,8.26,True
EXP-401,14.0,35.0,3.5,0.1,-27.98,0.888,8.26,True
EXP-401,14.0,35.0,3.5,0.15,-27.98,0.888,8.26,True
EXP-401,14.0,35.0,3.5,0.25,-27.98,0.888,8.26,True
EXP-401,12.0,42.0,1.5,0.05,-28.55,0.794,7.18,True
EXP-401,12.0,42.0,2.0,0.05,-28.55,0.794,7.18,True
EXP-401,12.0,42.0,2.5,0.05,-28.55,0.794,7.18,True
EXP-401,12.0,42.0,3.0,0.05,-28.55,0.794,7.18,True
EXP-401,12.0,42.0,3.5,0.05,-28.55,0.794,7.18,True
EXP-401,12.0,42.0,1.5,0.1,-28.62,0.792,7.16,True
EXP-401,12.0,42.0,2.0,0.1,-28.62,0.792,7.16,True
EXP-401,12.0,42.0,2.5,0.1,-28.62,0.792,7.16,True
EXP-401,12.0,42.0,3.0,0.1,-28.62,0.792,7.16,True
EXP-401,12.0,42.0,3.5,0.1,-28.62,0.792,7.16,True
EXP-401,12.0,42.0,1.5,0.15,-28.7,0.794,7.16,True
EXP-401,12.0,42.0,2.0,0.15,-28.7,0.794,7.16,True
EXP-401,12.0,42.0,2.5,0.15,-28.7,0.794,7.16,True
EXP-401,12.0,42.0,3.0,0.15,-28.7,0.794,7.16,True
EXP-401,12.0,42.0,3.5,0.15,-28.7,0.794,7.16,True
EXP-401,12.0,42.0,1.5,0.25,-28.71,0.793,7.16,True
EXP-401,12.0,42.0,2.0,0.25,-28.71,0.793,7.16,True
EXP-401,12.0,42.0,2.5,0.25,-28.71,0.793,7.16,True
EXP-401,12.0,42.0,3.0,0.25,-28.71,0.793,7.16,True
EXP-401,12.0,42.0,3.5,0.25,-28.71,0.793,7.16,True
EXP-401,14.0,38.0,1.5,0.05,-29.65,0.834,8.04,True
EXP-401,14.0,38.0,2.0,0.05,-29.65,0.834,8.04,True
EXP-401,14.0,38.0,2.5,0.05,-29.65,0.834,8.04,True
EXP-401,14.0,38.0,3.0,0.05,-29.65,0.834,8.04,True
EXP-401,14.0,38.0,3.5,0.05,-29.65,0.834,8.04,True
EXP-401,14.0,38.0,1.5,0.1,-29.75,0.833,8.05,True
EXP-401,14.0,38.0,1.5,0.15,-29.75,0.833,8.05,True
EXP-401,14.0,38.0,1.5,0.25,-29.75,0.833,8.05,True
EXP-401,14.0,38.0,2.0,0.1,-29.75,0.833,8.05,True
EXP-401,14.0,38.0,2.0,0.15,-29.75,0.833,8.05,True
EXP-401,14.0,38.0,2.0,0.25,-29.75,0.833,8.05,True
EXP-401,14.0,38.0,2.5,0.1,-29.75,0.833,8.05,True
EXP-401,14.0,38.0,2.5,0.15,-29.75,0.833,8.05,True
EXP-401,14.0,38.0,2.5,0.25,-29.75,0.833,8.05,True
EXP-401,14.0,38.0,3.0,0.1,-29.75,0.833,8.05,True
EXP-401,14.0,38.0,3.0,0.15,-29.75,0.833,8.05,True
EXP-401,14.0,38.0,3.0,0.25,-29.75,0.833,8.05,True
EXP-401,14.0,38.0,3.5,0.1,-29.75,0.833,8.05,True
EXP-401,14.0,38.0,3.5,0.15,-29.75,0.833,8.05,True
EXP-401,14.0,38.0,3.5,0.25,-29.75,0.833,8.05,True
EXP-401,12.0,46.0,1.5,0.05,-30.25,0.752,6.96,False
EXP-401,12.0,46.0,2.0,0.05,-30.25,0.752,6.96,False
EXP-401,12.0,46.0,2.5,0.05,-30.25,0.752,6.96,False
EXP-401,12.0,46.0,3.0,0.05,-30.25,0.752,6.96,False
EXP-401,12.0,46.0,3.5,0.05,-30.25,0.752,6.96,False
EXP-401,12.0,46.0,1.5,0.1,-30.57,0.742,6.88,False
EXP-401,12.0,46.0,2.0,0.1,-30.57,0.742,6.88,False
EXP-401,12.0,46.0,2.5,0.1,-30.57,0.742,6.88,False
EXP-401,12.0,46.0,3.0,0.1,-30.57,0.742,6.88,False
EXP-401,12.0,46.0,3.5,0.1,-30.57,0.742,6.88,False
EXP-401,12.0,46.0,1.5,0.25,-30.85,0.744,6.89,False
EXP-401,12.0,46.0,2.0,0.25,-30.85,0.744,6.89,False
EXP-401,12.0,46.0,2.5,0.25,-30.85,0.744,6.89,False
EXP-401,12.0,46.0,3.0,0.25,-30.85,0.744,6.89,False
EXP-401,12.0,46.0,3.5,0.25,-30.85,0.744,6.89,False
EXP-401,12.0,46.0,1.5,0.15,-30.9,0.736,6.84,False
EXP-401,12.0,46.0,2.0,0.15,-30.9,0.736,6.84,False
EXP-401,12.0,46.0,2.5,0.15,-30.9,0.736,6.84,False
EXP-401,12.0,46.0,3.0,0.15,-30.9,0.736,6.84,False
EXP-401,12.0,46.0,3.5,0.15,-30.9,0.736,6.84,False
EXP-401,16.0,35.0,1.5,0.05,-31.23,0.879,9.16,False
EXP-401,16.0,35.0,2.0,0.05,-31.23,0.879,9.16,False
EXP-401,16.0,35.0,2.5,0.05,-31.23,0.879,9.16,False
EXP-401,16.0,35.0,3.0,0.05,-31.23,0.879,9.16,False
EXP-401,16.0,35.0,3.5,0.05,-31.23,0.879,9.16,False
EXP-401,16.0,35.0,1.5,0.1,-31.24,0.879,9.15,False
EXP-401,16.0,35.0,1.5,0.15,-31.24,0.879,9.15,False
EXP-401,16.0,35.0,1.5,0.25,-31.24,0.879,9.15,False
EXP-401,16.0,35.0,2.0,0.1,-31.24,0.879,9.15,False
EXP-401,16.0,35.0,2.0,0.15,-31.24,0.879,9.15,False
EXP-401,16.0,35.0,2.0,0.25,-31.24,0.879,9.15,False
EXP-401,16.0,35.0,2.5,0.1,-31.24,0.879,9.15,False
EXP-401,16.0,35.0,2.5,0.15,-31.24,0.879,9.15,False
EXP-401,16.0,35.0,2.5,0.25,-31.24,0.879,9.15,False
EXP-401,16.0,35.0,3.0,0.1,-31.24,0.879,9.15,False
EXP-401,16.0,35.0,3.0,0.15,-31.24,0.879,9.15,False
EXP-401,16.0,35.0,3.0,0.25,-31.24,0.879,9.15,False
EXP-401,16.0,35.0,3.5,0.1,-31.24,0.879,9.15,False
EXP-401,16.0,35.0,3.5,0.15,-31.24,0.879,9.15,False
EXP-401,16.0,35.0,3.5,0.25,-31.24,0.879,9.15,False
EXP-401,14.0,42.0,1.5,0.05,-31.44,0.773,7.69,False
EXP-401,14.0,42.0,2.0,0.05,-31.44,0.773,7.69,False
EXP-401,14.0,42.0,2.5,0.05,-31.44,0.773,7.69,False
EXP-401,14.0,42.0,3.0,0.05,-31.44,0.773,7.69,False
EXP-401,14.0,42.0,3.5,0.05,-31.44,0.773,7.69,False
EXP-401,14.0,42.0,1.5,0.1,-31.49,0.765,7.64,False
EXP-401,14.0,42.0,2.0,0.1,-31.49,0.765,7.64,False
EXP-401,14.0,42.0,2.5,0.1,-31.49,0.765,7.64,False
EXP-401,14.0,42.0,3.0,0.1,-31.49,0.765,7.64,False
EXP-401,14.0,42.0,3.5,0.1,-31.49,0.765,7.64,False
EXP-401,14.0,42.0,1.5,0.15,-31.58,0.772,7.68,False
EXP-401,14.0,42.0,2.0,0.15,-31.58,0.772,7.68,False
EXP-401,14.0,42.0,2.5,0.15,-31.58,0.772,7.68,False
EXP-401,14.0,42.0,3.0,0.15,-31.58,0.772,7.68,False
EXP-401,14.0,42.0,3.5,0.15,-31.58,0.772,7.68,False
EXP-401,14.0,42.0,1.5,0.25,-31.65,0.772,7.66,False
EXP-401,14.0,42.0,2.0,0.25,-31.65,0.772,7.66,False
EXP-401,14.0,42.0,2.5,0.25,-31.65,0.772,7.66,False
EXP-401,14.0,42.0,3.0,0.25,-31.65,0.772,7.66,False
EXP-401,14.0,42.0,3.5,0.25,-31.65,0.772,7.66,False
EXP-401,12.0,50.0,1.5,0.05,-32.09,0.715,6.85,False
EXP-401,12.0,50.0,2.0,0.05,-32.09,0.715,6.85,False
EXP-401,12.0,50.0,2.5,0.05,-32.09,0.715,6.85,False
EXP-401,12.0,50.0,3.0,0.05,-32.09,0.715,6.85,False
EXP-401,12.0,50.0,3.5,0.05,-32.09,0.715,6.85,False
EXP-401,12.0,50.0,1.5,0.1,-32.44,0.707,6.8,False
EXP-401,12.0,50.0,2.0,0.1,-32.44,0.707,6.8,False
EXP-401,12.0,50.0,2.5,0.1,-32.44,0.707,6.8,False
EXP-401,12.0,50.0,3.0,0.1,-32.44,0.707,6.8,False
EXP-401,12.0,50.0,3.5,0.1,-32.44,0.707,6.8,False
EXP-401,12.0,50.0,1.5,0.15,-32.69,0.702,6.75,False
EXP-401,12.0,50.0,2.0,0.15,-32.69,0.702,6.75,False
EXP-401,12.0,50.0,2.5,0.15,-32.69,0.702,6.75,False
EXP-401,12.0,50.0,3.0,0.15,-32.69,0.702,6.75,False
EXP-401,12.0,50.0,3.5,0.15,-32.69,0.702,6.75,False
EXP-401,16.0,38.0,1.5,0.05,-32.7,0.821,8.71,False
EXP-401,16.0,38.0,2.0,0.05,-32.7,0.821,8.71,False
EXP-401,16.0,38.0,2.5,0.05,-32.7,0.821,8.71,False
EXP-401,16.0,38.0,3.0,0.05,-32.7,0.821,8.71,False
EXP-401,16.0,38.0,3.5,0.05,-32.7,0.821,8.71,False
EXP-401,16.0,38.0,1.5,0.1,-32.73,0.821,8.74,False
EXP-401,16.0,38.0,2.0,0.1,-32.73,0.821,8.74,False
EXP-401,16.0,38.0,2.5,0.1,-32.73,0.821,8.74,False
EXP-401,16.0,38.0,3.0,0.1,-32.73,0.821,8.74,False
EXP-401,16.0,38.0,3.5,0.1,-32.73,0.821,8.74,False
EXP-401,16.0,38.0,1.5,0.15,-32.74,0.821,8.74,False
EXP-401,16.0,38.0,1.5,0.25,-32.74,0.821,8.74,False
EXP-401,16.0,38.0,2.0,0.15,-32.74,0.821,8.74,False
EXP-401,16.0,38.0,2.0,0.25,-32.74,0.821,8.74,False
EXP-401,16.0,38.0,2.5,0.15,-32.74,0.821,8.74,False
EXP-401,16.0,38.0,2.5,0.25,-32.74,0.821,8.74,False
EXP-401,16.0,38.0,3.0,0.15,-32.74,0.821,8.74,False
EXP-401,16.0,38.0,3.0,0.25,-32.74,0.821,8.74,False
EXP-401,16.0,38.0,3.5,0.15,-32.74,0.821,8.74,False
EXP-401,16.0,38.0,3.5,0.25,-32.74,0.821,8.74,False
EXP-401,12.0,50.0,1.5,0.25,-33.17,0.694,6.63,False
EXP-401,12.0,50.0,2.0,0.25,-33.17,0.694,6.63,False
EXP-401,12.0,50.0,2.5,0.25,-33.17,0.694,6.63,False
EXP-401,12.0,50.0,3.0,0.25,-33.17,0.694,6.63,False
EXP-401,12.0,50.0,3.5,0.25,-33.17,0.694,6.63,False
EXP-401,14.0,46.0,1.5,0.05,-33.3,0.737,7.44,False
EXP-401,14.0,46.0,2.0,0.05,-33.3,0.737,7.44,False
EXP-401,14.0,46.0,2.5,0.05,-33.3,0.737,7.44,False
EXP-401,14.0,46.0,3.0,0.05,-33.3,0.737,7.44,False
EXP-401,14.0,46.0,3.5,0.05,-33.3,0.737,7.44,False
EXP-401,14.0,46.0,1.5,0.1,-33.33,0.728,7.37,False
EXP-401,14.0,46.0,2.0,0.1,-33.33,0.728,7.37,False
EXP-401,14.0,46.0,2.5,0.1,-33.33,0.728,7.37,False
EXP-401,14.0,46.0,3.0,0.1,-33.33,0.728,7.37,False
EXP-401,14.0,46.0,3.5,0.1,-33.33,0.728,7.37,False
EXP-401,14.0,46.0,1.5,0.15,-33.82,0.721,7.27,False
EXP-401,14.0,46.0,2.0,0.15,-33.82,0.721,7.27,False
EXP-401,14.0,46.0,2.5,0.15,-33.82,0.721,7.27,False
EXP-401,14.0,46.0,3.0,0.15,-33.82,0.721,7.27,False
EXP-401,14.0,46.0,3.5,0.15,-33.82,0.721,7.27,False
EXP-401,14.0,46.0,1.5,0.25,-33.9,0.725,7.29,False
EXP-401,14.0,46.0,2.0,0.25,-33.9,0.725,7.29,False
EXP-401,14.0,46.0,2.5,0.25,-33.9,0.725,7.29,False
EXP-401,14.0,46.0,3.0,0.25,-33.9,0.725,7.29,False
EXP-401,14.0,46.0,3.5,0.25,-33.9,0.725,7.29,False
EXP-401,18.0,35.0,1.5,0.05,-34.62,0.812,9.0,False
EXP-401,18.0,35.0,2.0,0.05,-34.62,0.812,9.0,False
EXP-401,18.0,35.0,2.5,0.05,-34.62,0.812,9.0,False
EXP-401,18.0,35.0,3.0,0.05,-34.62,0.812,9.0,False
EXP-401,18.0,35.0,3.5,0.05,-34.62,0.812,9.0,False
EXP-401,18.0,35.0,1.5,0.1,-34.66,0.813,9.01,False
EXP-401,18.0,35.0,1.5,0.15,-34.66,0.813,9.01,False
EXP-401,18.0,35.0,1.5,0.25,-34.66,0.813,9.01,False
EXP-401,18.0,35.0,2.0,0.1,-34.66,0.813,9.01,False
EXP-401,18.0,35.0,2.0,0.15,-34.66,0.813,9.01,False
EXP-401,18.0,35.0,2.0,0.25,-34.66,0.813,9.01,False
EXP-401,18.0,35.0,2.5,0.1,-34.66,0.813,9.01,False
EXP-401,18.0,35.0,2.5,0.15,-34.66,0.813,9.01,False
EXP-401,18.0,35.0,2.5,0.25,-34.66,0.813,9.01,False
EXP-401,18.0,35.0,3.0,0.1,-34.66,0.813,9.01,False
EXP-401,18.0,35.0,3.0,0.15,-34.66,0.813,9.01,False
EXP-401,18.0,35.0,3.0,0.25,-34.66,0.813,9.01,False
EXP-401,18.0,35.0,3.5,0.1,-34.66,0.813,9.01,False
EXP-401,18.0,35.0,3.5,0.15,-34.66,0.813,9.01,False
EXP-401,18.0,35.0,3.5,0.25,-34.66,0.813,9.01,False
EXP-401,16.0,42.0,1.5,0.05,-34.67,0.771,8.24,False
EXP-401,16.0,42.0,2.0,0.05,-34.67,0.771,8.24,False
EXP-401,16.0,42.0,2.5,0.05,-34.67,0.771,8.24,False
EXP-401,16.0,42.0,3.0,0.05,-34.67,0.771,8.24,False
EXP-401,16.0,42.0,3.5,0.05,-34.67,0.771,8.24,False
EXP-401,16.0,42.0,1.5,0.15,-34.72,0.768,8.23,False
EXP-401,16.0,42.0,2.0,0.15,-34.72,0.768,8.23,False
EXP-401,16.0,42.0,2.5,0.15,-34.72,0.768,8.23,False
EXP-401,16.0,42.0,3.0,0.15,-34.72,0.768,8.23,False
EXP-401,16.0,42.0,3.5,0.15,-34.72,0.768,8.23,False
EXP-401,16.0,42.0,1.5,0.1,-34.73,0.765,8.15,False
EXP-401,16.0,42.0,2.0,0.1,-34.73,0.765,8.15,False
EXP-401,16.0,42.0,2.5,0.1,-34.73,0.765,8.15,False
EXP-401,16.0,42.0,3.0,0.1,-34.73,0.765,8.15,False
EXP-401,16.0,42.0,3.5,0.1,-34.73,0.765,8.15,False
EXP-401,14.0,50.0,1.5,0.05,-34.79,0.702,7.2,False
EXP-401,14.0,50.0,2.0,0.05,-34.79,0.702,7.2,False
EXP-401,14.0,50.0,2.5,0.05,-34.79,0.702,7.2,False
EXP-401,14.0,50.0,3.0,0.05,-34.79,0.702,7.2,False
EXP-401,14.0,50.0,3.5,0.05,-34.79,0.702,7.2,False
EXP-401,14.0,50.0,1.5,0.1,-34.83,0.693,7.16,False
EXP-401,14.0,50.0,2.0,0.1,-34.83,0.693,7.16,False
EXP-401,14.0,50.0,2.5,0.1,-34.83,0.693,7.16,False
EXP-401,14.0,50.0,3.0,0.1,-34.83,0.693,7.16,False
EXP-401,14.0,50.0,3.5,0.1,-34.83,0.693,7.16,False
EXP-401,16.0,42.0,1.5,0.25,-34.88,0.768,8.26,False
EXP-401,16.0,42.0,2.0,0.25,-34.88,0.768,8.26,False
EXP-401,16.0,42.0,2.5,0.25,-34.88,0.768,8.26,False
EXP-401,16.0,42.0,3.0,0.25,-34.88,0.768,8.26,False
EXP-401,16.0,42.0,3.5,0.25,-34.88,0.768,8.26,False
EXP-401,14.0,50.0,1.5,0.15,-35.32,0.687,7.1,False
EXP-401,14.0,50.0,2.0,0.15,-35.32,0.687,7.1,False
EXP-401,14.0,50.0,2.5,0.15,-35.32,0.687,7.1,False
EXP-401,14.0,50.0,3.0,0.15,-35.32,0.687,7.1,False
EXP-401,14.0,50.0,3.5,0.15,-35.32,0.687,7.1,False
EXP-401,14.0,50.0,1.5,0.25,-35.99,0.671,6.97,False
EXP-401,14.0,50.0,2.0,0.25,-35.99,0.671,6.97,False
EXP-401,14.0,50.0,2.5,0.25,-35.99,0.671,6.97,False
EXP-401,14.0,50.0,3.0,0.25,-35.99,0.671,6.97,False
EXP-401,14.0,50.0,3.5,0.25,-35.99,0.671,6.97,False
EXP-401,16.0,46.0,1.5,0.05,-36.0,0.722,7.87,False
EXP-401,16.0,46.0,2.0,0.05,-36.0,0.722,7.87,False
EXP-401,16.0,46.0,2.5,0.05,-36.0,0.722,7.87,False
EXP-401,16.0,46.0,3.0,0.05,-36.0,0.722,7.87,False
EXP-401,16.0,46.0,3.5,0.05,-36.0,0.722,7.87,False
EXP-401,16.0,46.0,1.5,0.1,-36.24,0.716,7.78,False
EXP-401,16.0,46.0,2.0,0.1,-36.24,0.716,7.78,False
EXP-401,16.0,46.0,2.5,0.1,-36.24,0.716,7.78,False
EXP-401,16.0,46.0,3.0,0.1,-36.24,0.716,7.78,False
EXP-401,16.0,46.0,3.5,0.1,-36.24,0.716,7.78,False
EXP-401,18.0,38.0,1.5,0.1,-36.4,0.759,8.43,False
EXP-401,18.0,38.0,2.0,0.1,-36.4,0.759,8.43,False
EXP-401,18.0,38.0,2.5,0.1,-36.4,0.759,8.43,False
EXP-401,18.0,38.0,3.0,0.1,-36.4,0.759,8.43,False
EXP-401,18.0,38.0,3.5,0.1,-36.4,0.759,8.43,False
EXP-401,16.0,46.0,1.5,0.15,-36.46,0.708,7.72,False
EXP-401,16.0,46.0,2.0,0.15,-36.46,0.708,7.72,False
EXP-401,16.0,46.0,2.5,0.15,-36.46,0.708,7.72,False
EXP-401,16.0,46.0,3.0,0.15,-36.46,0.708,7.72,False
EXP-401,16.0,46.0,3.5,0.15,-36.46,0.708,7.72,False
EXP-401,18.0,38.0,1.5,0.05,-36.46,0.761,8.43,False
EXP-401,18.0,38.0,2.0,0.05,-36.46,0.761,8.43,False
EXP-401,18.0,38.0,2.5,0.05,-36.46,0.761,8.43,False
EXP-401,18.0,38.0,3.0,0.05,-36.46,0.761,8.43,False
EXP-401,18.0,38.0,3.5,0.05,-36.46,0.761,8.43,False
EXP-401,18.0,38.0,1.5,0.15,-36.48,0.758,8.42,False
EXP-401,18.0,38.0,1.5,0.25,-36.48,0.758,8.42,False
EXP-401,18.0,38.0,2.0,0.15,-36.48,0.758,8.42,False
EXP-401,18.0,38.0,2.0,0.25,-36.48,0.758,8.42,False
EXP-401,18.0,38.0,2.5,0.15,-36.48,0.758,8.42,False
EXP-401,18.0,38.0,2.5,0.25,-36.48,0.758,8.42,False
EXP-401,18.0,38.0,3.0,0.15,-36.48,0.758,8.42,False
EXP-401,18.0,38.0,3.0,0.25,-36.48,0.758,8.42,False
EXP-401,18.0,38.0,3.5,0.15,-36.48,0.758,8.42,False
EXP-401,18.0,38.0,3.5,0.25,-36.48,0.758,8.42,False
EXP-401,16.0,46.0,1.5,0.25,-36.78,0.705,7.66,False
EXP-401,16.0,46.0,2.0,0.25,-36.78,0.705,7.66,False
EXP-401,16.0,46.0,2.5,0.25,-36.78,0.705,7.66,False
EXP-401,16.0,46.0,3.0,0.25,-36.78,0.705,7.66,False
EXP-401,16.0,46.0,3.5,0.25,-36.78,0.705,7.66,False
EXP-401,16.0,50.0,1.5,0.05,-37.46,0.682,7.49,False
EXP-401,16.0,50.0,2.0,0.05,-37.46,0.682,7.49,False
EXP-401,16.0,50.0,2.5,0.05,-37.46,0.682,7.49,False
EXP-401,16.0,50.0,3.0,0.05,-37.46,0.682,7.49,False
EXP-401,16.0,50.0,3.5,0.05,-37.46,0.682,7.49,False
EXP-401,16.0,50.0,1.5,0.1,-37.58,0.676,7.43,False
EXP-401,16.0,50.0,2.0,0.1,-37.58,0.676,7.43,False
EXP-401,16.0,50.0,2.5,0.1,-37.58,0.676,7.43,False
EXP-401,16.0,50.0,3.0,0.1,-37.58,0.676,7.43,False
EXP-401,16.0,50.0,3.5,0.1,-37.58,0.676,7.43,False
EXP-401,18.0,42.0,1.5,0.05,-37.89,0.708,7.91,False
EXP-401,18.0,42.0,2.0,0.05,-37.89,0.708,7.91,False
EXP-401,18.0,42.0,2.5,0.05,-37.89,0.708,7.91,False
EXP-401,18.0,42.0,3.0,0.05,-37.89,0.708,7.91,False
EXP-401,18.0,42.0,3.5,0.05,-37.89,0.708,7.91,False
EXP-401,16.0,50.0,1.5,0.15,-37.91,0.67,7.42,False
EXP-401,16.0,50.0,2.0,0.15,-37.91,0.67,7.42,False
EXP-401,16.0,50.0,2.5,0.15,-37.91,0.67,7.42,False
EXP-401,16.0,50.0,3.0,0.15,-37.91,0.67,7.42,False
EXP-401,16.0,50.0,3.5,0.15,-37.91,0.67,7.42,False
EXP-401,18.0,42.0,1.5,0.25,-38.09,0.706,7.97,False
EXP-401,18.0,42.0,2.0,0.25,-38.09,0.706,7.97,False
EXP-401,18.0,42.0,2.5,0.25,-38.09,0.706,7.97,False
EXP-401,18.0,42.0,3.0,0.25,-38.09,0.706,7.97,False
EXP-401,18.0,42.0,3.5,0.25,-38.09,0.706,7.97,False
EXP-401,18.0,42.0,1.5,0.1,-38.11,0.705,7.87,False
EXP-401,18.0,42.0,2.0,0.1,-38.11,0.705,7.87,False
EXP-401,18.0,42.0,2.5,0.1,-38.11,0.705,7.87,False
EXP-401,18.0,42.0,3.0,0.1,-38.11,0.705,7.87,False
EXP-401,18.0,42.0,3.5,0.1,-38.11,0.705,7.87,False
EXP-401,20.0,35.0,1.5,0.05,-38.14,0.727,8.3,False
EXP-401,20.0,35.0,2.0,0.05,-38.14,0.727,8.3,False
EXP-401,20.0,35.0,2.5,0.05,-38.14,0.727,8.3,False
EXP-401,20.0,35.0,3.0,0.05,-38.14,0.727,8.3,False
EXP-401,20.0,35.0,3.5,0.05,-38.14,0.727,8.3,False
EXP-401,20.0,35.0,1.5,0.1,-38.18,0.729,8.32,False
EXP-401,20.0,35.0,1.5,0.15,-38.18,0.729,8.32,False
EXP-401,20.0,35.0,1.5,0.25,-38.18,0.729,8.32,False
EXP-401,20.0,35.0,2.0,0.1,-38.18,0.729,8.32,False
EXP-401,20.0,35.0,2.0,0.15,-38.18,0.729,8.32,False
EXP-401,20.0,35.0,2.0,0.25,-38.18,0.729,8.32,False
EXP-401,20.0,35.0,2.5,0.1,-38.18,0.729,8.32,False
EXP-401,20.0,35.0,2.5,0.15,-38.18,0.729,8.32,False
EXP-401,20.0,35.0,2.5,0.25,-38.18,0.729,8.32,False
EXP-401,20.0,35.0,3.0,0.1,-38.18,0.729,8.32,False
EXP-401,20.0,35.0,3.0,0.15,-38.18,0.729,8.32,False
EXP-401,20.0,35.0,3.0,0.25,-38.18,0.729,8.32,False
EXP-401,20.0,35.0,3.5,0.1,-38.18,0.729,8.32,False
EXP-401,20.0,35.0,3.5,0.15,-38.18,0.729,8.32,False
EXP-401,20.0,35.0,3.5,0.25,-38.18,0.729,8.32,False
EXP-401,18.0,42.0,1.5,0.15,-38.26,0.704,7.92,False
EXP-401,18.0,42.0,2.0,0.15,-38.26,0.704,7.92,False
EXP-401,18.0,42.0,2.5,0.15,-38.26,0.704,7.92,False
EXP-401,18.0,42.0,3.0,0.15,-38.26,0.704,7.92,False
EXP-401,18.0,42.0,3.5,0.15,-38.26,0.704,7.92,False
EXP-401,16.0,50.0,1.5,0.25,-38.44,0.663,7.24,False
EXP-401,16.0,50.0,2.0,0.25,-38.44,0.663,7.24,False
EXP-401,16.0,50.0,2.5,0.25,-38.44,0.663,7.24,False
EXP-401,16.0,50.0,3.0,0.25,-38.44,0.663,7.24,False
EXP-401,16.0,50.0,3.5,0.25,-38.44,0.663,7.24,False
EXP-401,18.0,46.0,1.5,0.05,-39.27,0.666,7.57,False
EXP-401,18.0,46.0,2.0,0.05,-39.27,0.666,7.57,False
EXP-401,18.0,46.0,2.5,0.05,-39.27,0.666,7.57,False
EXP-401,18.0,46.0,3.0,0.05,-39.27,0.666,7.57,False
EXP-401,18.0,46.0,3.5,0.05,-39.27,0.666,7.57,False
EXP-401,20.0,38.0,1.5,0.05,-39.34,0.678,7.82,False
EXP-401,20.0,38.0,2.0,0.05,-39.34,0.678,7.82,False
EXP-401,20.0,38.0,2.5,0.05,-39.34,0.678,7.82,False
EXP-401,20.0,38.0,3.0,0.05,-39.34,0.678,7.82,False
EXP-401,20.0,38.0,3.5,0.05,-39.34,0.678,7.82,False
EXP-401,20.0,38.0,1.5,0.15,-39.4,0.682,7.82,False
EXP-401,20.0,38.0,2.0,0.15,-39.4,0.682,7.82,False
EXP-401,20.0,38.0,2.5,0.15,-39.4,0.682,7.82,False
EXP-401,20.0,38.0,3.0,0.15,-39.4,0.682,7.82,False
EXP-401,20.0,38.0,3.5,0.15,-39.4,0.682,7.82,False
EXP-401,20.0,38.0,1.5,0.1,-39.41,0.68,7.82,False
EXP-401,20.0,38.0,2.0,0.1,-39.41,0.68,7.82,False
EXP-401,20.0,38.0,2.5,0.1,-39.41,0.68,7.82,False
EXP-401,20.0,38.0,3.0,0.1,-39.41,0.68,7.82,False
EXP-401,20.0,38.0,3.5,0.1,-39.41,0.68,7.82,False
EXP-401,20.0,38.0,1.5,0.25,-39.43,0.681,7.8,False
EXP-401,20.0,38.0,2.0,0.25,-39.43,0.681,7.8,False
EXP-401,20.0,38.0,2.5,0.25,-39.43,0.681,7.8,False
EXP-401,20.0,38.0,3.0,0.25,-39.43,0.681,7.8,False
EXP-401,20.0,38.0,3.5,0.25,-39.43,0.681,7.8,False
EXP-401,18.0,46.0,1.5,0.1,-39.49,0.664,7.53,False
EXP-401,18.0,46.0,2.0,0.1,-39.49,0.664,7.53,False
EXP-401,18.0,46.0,2.5,0.1,-39.49,0.664,7.53,False
EXP-401,18.0,46.0,3.0,0.1,-39.49,0.664,7.53,False
EXP-401,18.0,46.0,3.5,0.1,-39.49,0.664,7.53,False
EXP-401,18.0,46.0,1.5,0.15,-39.5,0.661,7.5,False
EXP-401,18.0,46.0,2.0,0.15,-39.5,0.661,7.5,False
EXP-401,18.0,46.0,2.5,0.15,-39.5,0.661,7.5,False
EXP-401,18.0,46.0,3.0,0.15,-39.5,0.661,7.5,False
EXP-401,18.0,46.0,3.5,0.15,-39.5,0.661,7.5,False
EXP-401,18.0,46.0,1.5,0.25,-39.89,0.649,7.36,False
EXP-401,18.0,46.0,2.0,0.25,-39.89,0.649,7.36,False
EXP-401,18.0,46.0,2.5,0.25,-39.89,0.649,7.36,False
EXP-401,18.0,46.0,3.0,0.25,-39.89,0.649,7.36,False
EXP-401,18.0,46.0,3.5,0.25,-39.89,0.649,7.36,False
EXP-401,18.0,50.0,1.5,0.05,-40.03,0.639,7.31,False
EXP-401,18.0,50.0,2.0,0.05,-40.03,0.639,7.31,False
EXP-401,18.0,50.0,2.5,0.05,-40.03,0.639,7.31,False
EXP-401,18.0,50.0,3.0,0.05,-40.03,0.639,7.31,False
EXP-401,18.0,50.0,3.5,0.05,-40.03,0.639,7.31,False
EXP-401,18.0,50.0,1.5,0.1,-40.26,0.635,7.25,False
EXP-401,18.0,50.0,2.0,0.1,-40.26,0.635,7.25,False
EXP-401,18.0,50.0,2.5,0.1,-40.26,0.635,7.25,False
EXP-401,18.0,50.0,3.0,0.1,-40.26,0.635,7.25,False
EXP-401,18.0,50.0,3.5,0.1,-40.26,0.635,7.25,False
EXP-401,18.0,50.0,1.5,0.15,-40.38,0.633,7.23,False
EXP-401,18.0,50.0,2.0,0.15,-40.38,0.633,7.23,False
EXP-401,18.0,50.0,2.5,0.15,-40.38,0.633,7.23,False
EXP-401,18.0,50.0,3.0,0.15,-40.38,0.633,7.23,False
EXP-401,18.0,50.0,3.5,0.15,-40.38,0.633,7.23,False
EXP-401,20.0,42.0,1.5,0.1,-40.6,0.636,7.32,False
EXP-401,20.0,42.0,2.0,0.1,-40.6,0.636,7.32,False
EXP-401,20.0,42.0,2.5,0.1,-40.6,0.636,7.32,False
EXP-401,20.0,42.0,3.0,0.1,-40.6,0.636,7.32,False
EXP-401,20.0,42.0,3.5,0.1,-40.6,0.636,7.32,False
EXP-401,18.0,50.0,1.5,0.25,-40.65,0.618,7.08,False
EXP-401,18.0,50.0,2.0,0.25,-40.65,0.618,7.08,False
EXP-401,18.0,50.0,2.5,0.25,-40.65,0.618,7.08,False
EXP-401,18.0,50.0,3.0,0.25,-40.65,0.618,7.08,False
EXP-401,18.0,50.0,3.5,0.25,-40.65,0.618,7.08,False
EXP-401,20.0,42.0,1.5,0.05,-40.65,0.639,7.3,False
EXP-401,20.0,42.0,2.0,0.05,-40.65,0.639,7.3,False
EXP-401,20.0,42.0,2.5,0.05,-40.65,0.639,7.3,False
EXP-401,20.0,42.0,3.0,0.05,-40.65,0.639,7.3,False
EXP-401,20.0,42.0,3.5,0.05,-40.65,0.639,7.3,False
EXP-401,20.0,42.0,1.5,0.15,-40.83,0.631,7.3,False
EXP-401,20.0,42.0,2.0,0.15,-40.83,0.631,7.3,False
EXP-401,20.0,42.0,2.5,0.15,-40.83,0.631,7.3,False
EXP-401,20.0,42.0,3.0,0.15,-40.83,0.631,7.3,False
EXP-401,20.0,42.0,3.5,0.15,-40.83,0.631,7.3,False
EXP-401,20.0,42.0,1.5,0.25,-40.88,0.629,7.35,False
EXP-401,20.0,42.0,2.0,0.25,-40.88,0.629,7.35,False
EXP-401,20.0,42.0,2.5,0.25,-40.88,0.629,7.35,False
EXP-401,20.0,42.0,3.0,0.25,-40.88,0.629,7.35,False
EXP-401,20.0,42.0,3.5,0.25,-40.88,0.629,7.35,False
EXP-401,20.0,46.0,1.5,0.05,-41.63,0.613,7.07,False
EXP-401,20.0,46.0,2.0,0.05,-41.63,0.613,7.07,False
EXP-401,20.0,46.0,2.5,0.05,-41.63,0.613,7.07,False
EXP-401,20.0,46.0,3.0,0.05,-41.63,0.613,7.07,False
EXP-401,20.0,46.0,3.5,0.05,-41.63,0.613,7.07,False
EXP-401,20.0,46.0,1.5,0.1,-41.66,0.607,7.02,False
EXP-401,20.0,46.0,2.0,0.1,-41.66,0.607,7.02,False
EXP-401,20.0,46.0,2.5,0.1,-41.66,0.607,7.02,False
EXP-401,20.0,46.0,3.0,0.1,-41.66,0.607,7.02,False
EXP-401,20.0,46.0,3.5,0.1,-41.66,0.607,7.02,False
EXP-401,20.0,46.0,1.5,0.15,-41.82,0.606,7.01,False
EXP-401,20.0,46.0,2.0,0.15,-41.82,0.606,7.01,False
EXP-401,20.0,46.0,2.5,0.15,-41.82,0.606,7.01,False
EXP-401,20.0,46.0,3.0,0.15,-41.82,0.606,7.01,False
EXP-401,20.0,46.0,3.5,0.15,-41.82,0.606,7.01,False
EXP-401,20.0,46.0,1.5,0.25,-42.14,0.588,6.79,False
EXP-401,20.0,46.0,2.0,0.25,-42.14,0.588,6.79,False
EXP-401,20.0,46.0,2.5,0.25,-42.14,0.588,6.79,False
EXP-401,20.0,46.0,3.0,0.25,-42.14,0.588,6.79,False
EXP-401,20.0,46.0,3.5,0.25,-42.14,0.588,6.79,False
EXP-401,20.0,50.0,1.5,0.05,-42.22,0.593,6.88,False
EXP-401,20.0,50.0,2.0,0.05,-42.22,0.593,6.88,False
EXP-401,20.0,50.0,2.5,0.05,-42.22,0.593,6.88,False
EXP-401,20.0,50.0,3.0,0.05,-42.22,0.593,6.88,False
EXP-401,20.0,50.0,3.5,0.05,-42.22,0.593,6.88,False
EXP-401,20.0,50.0,1.5,0.1,-42.42,0.586,6.77,False
EXP-401,20.0,50.0,2.0,0.1,-42.42,0.586,6.77,False
EXP-401,20.0,50.0,2.5,0.1,-42.42,0.586,6.77,False
EXP-401,20.0,50.0,3.0,0.1,-42.42,0.586,6.77,False
EXP-401,20.0,50.0,3.5,0.1,-42.42,0.586,6.77,False
EXP-401,20.0,50.0,1.5,0.15,-42.57,0.582,6.76,False
EXP-401,20.0,50.0,2.0,0.15,-42.57,0.582,6.76,False
EXP-401,20.0,50.0,2.5,0.15,-42.57,0.582,6.76,False
EXP-401,20.0,50.0,3.0,0.15,-42.57,0.582,6.76,False
EXP-401,20.0,50.0,3.5,0.15,-42.57,0.582,6.76,False
EXP-401,20.0,50.0,1.5,0.25,-42.69,0.57,6.64,False
EXP-401,20.0,50.0,2.0,0.25,-42.69,0.57,6.64,False
EXP-401,20.0,50.0,2.5,0.25,-42.69,0.57,6.64,False
EXP-401,20.0,50.0,3.0,0.25,-42.69,0.57,6.64,False
EXP-401,20.0,50.0,3.5,0.25,-42.69,0.57,6.64,False
